{"_timestamp":1.7653921979498298e+09,"_wandb":{"runtime":3902},"_runtime":3902,"_step":1417,"train/loss":4.891731262207031,"train/accuracy":0.0543881319463253,"train/step":1418}