{"val/loss":0.25054947659373283,"train/step":42540,"val/accuracy":0.9731038581119494,"_wandb":{"runtime":1731},"epoch":30,"train/accuracy":0.8956623673439026,"_timestamp":1.765420106512428e+09,"train/loss":0.6058133244514465,"_step":42569,"_runtime":1731}