{"val/accuracy":0.415692134017355,"epoch":15,"train/loss":3.1504952907562256,"train/accuracy":0.40343916416168213,"_step":21284,"_runtime":865,"val/loss":3.073032119300928,"train/step":21270,"_timestamp":1.7654023353945916e+09,"_wandb":{"runtime":865}}