{"val/loss":3.415140164659378,"_runtime":1469,"_wandb":{"runtime":1469},"train/accuracy":0.4015747904777527,"train/loss":3.2328860759735107,"val/accuracy":0.43302715331950087,"epoch":30,"_step":22469,"train/step":22440,"_timestamp":1.76543171908091e+09}