{"train/step":1418,"_timestamp":1.765399571059819e+09,"_wandb":{"runtime":1268},"_runtime":1268,"_step":1417,"train/loss":4.8049798011779785,"train/token_accuracy":0.00374531839042902,"train/exact_match":0}