{"_runtime":1152,"val/accuracy":0.6209570762146724,"epoch":20,"val/loss":2.135143469558673,"train/step":28360,"_wandb":{"runtime":1152},"train/loss":2.4494402408599854,"_timestamp":1.765405056560955e+09,"_step":28379,"train/accuracy":0.5464823842048645}