{"_step":1417,"_wandb":{"runtime":987},"_runtime":987,"train/loss":5.009885787963867,"train/accuracy":0,"train/step":1418,"_timestamp":1.765403332352182e+09}