{"val/loss":0.27930584595946784,"val/accuracy":0.9689565431535914,"_runtime":1599,"train/step":21270,"train/loss":0.26130494475364685,"_step":21284,"epoch":15,"train/accuracy":0.9676056504249573,"_wandb":{"runtime":1599},"_timestamp":1.7653882769918108e+09}